{"is_source_file": false, "format": "", "description": "", "external_files": [], "external_methods": [], "published": [], "classes": [], "methods": [], "calls": [], "search-terms": [], "state": 2, "file_id": 12, "knowledge_revision": 15, "git_revision": "fd30fe57019f835417569e6227f82bed2e85d601", "hash": "d2b40d02d5f7873d8a6713bad837edd4", "format-version": 4, "code-base-name": "todo_frontend", "filename": "todo_frontend/public/index.html", "revision_history": [{"15": "fd30fe57019f835417569e6227f82bed2e85d601"}]}