{"is_source_file": false, "format": "", "description": "", "external_files": [], "external_methods": [], "published": [], "classes": [], "methods": [], "calls": [], "search-terms": [], "state": 2, "file_id": 2, "knowledge_revision": 21, "git_revision": "fd30fe57019f835417569e6227f82bed2e85d601", "hash": "28b07ffc61af8f026a787aecd1a5205f", "format-version": 4, "code-base-name": "todo_frontend", "filename": "todo_frontend/package.json", "revision_history": [{"21": "fd30fe57019f835417569e6227f82bed2e85d601"}]}