{"is_source_file": false, "format": "", "description": "", "external_files": [], "external_methods": [], "published": [], "classes": [], "methods": [], "calls": [], "search-terms": [], "state": 2, "file_id": 11, "knowledge_revision": 16, "git_revision": "fd30fe57019f835417569e6227f82bed2e85d601", "hash": "d9d975cebe2ec20b6c652e1e4c12ccf0", "format-version": 4, "code-base-name": "todo_frontend", "filename": "todo_frontend/public/manifest.json", "revision_history": [{"16": "fd30fe57019f835417569e6227f82bed2e85d601"}]}