{"is_source_file": true, "format": "JavaScript", "description": "This file initializes and renders the main React application component into the DOM, setting up the root and rendering the App component within StrictMode.", "external_files": ["react", "react-dom/client", "./index.css", "./App"], "external_methods": ["ReactDOM.createRoot", "root.render"], "published": [], "classes": [], "methods": [{"name": "ReactDOM.createRoot", "description": "Creates a React root rendering container for concurrent rendering."}, {"name": "root.render", "description": "Renders React elements into the root container."}], "calls": ["ReactDOM.createRoot", "root.render", "<React.StrictMode>", "<App />"], "search-terms": ["React.ReactDOM", "index.js", "render", "React.StrictMode", "App component", "DOM initialization"], "state": 2, "file_id": 8, "knowledge_revision": 19, "git_revision": "fd30fe57019f835417569e6227f82bed2e85d601", "ctags": [{"_type": "tag", "name": "root", "path": "/home/kavia/workspace/code-generation/simple-to-do-list-214295-214306/todo_frontend/src/index.js", "pattern": "/^const root = ReactDOM.createRoot(document.getElementById('root'));$/", "language": "JavaScript", "kind": "constant"}], "hash": "9fc5841375336fc175b49f8767a11383", "format-version": 4, "code-base-name": "todo_frontend", "filename": "todo_frontend/src/index.js", "revision_history": [{"19": "fd30fe57019f835417569e6227f82bed2e85d601"}]}